{
  "type": "treetap:tap_extract",
  "log": {
    "item": "tfc:wood/log/maple"
  },
  "processing_time": 12000,
  "metal_result": {
    "item": "gregitas:raw_syrup_bucket"
  },
  "wooden_result": {
    "item": "tfc:wooden_bucket",
    "nbt": "{fluid: {FluidName: \"gregitas:raw_syrup\", Amount: 1000}}"
  },
  "life_cycle": [0, 0, 1, 1, 1, 0, 0, 0, 0, 0, 0, 0],
  "collect_bucket": true,
  "fluid_color": "#bb9351",
  "conditions": [
    {
      "type": "forge:mod_loaded",
      "modid": "tfc"
    }
  ]
}