{
	"weight": 70,
	"mainhands": [{
			"weight": 3,
			"stack": {
				"item": "minecraft:diamond_sword"
			}
		},
		{
			"weight": 3,
			"stack": {
				"item": "minecraft:diamond_axe"
			}
		},
		{
			"weight": 2,
			"stack": {
				"item": "minecraft:diamond_pickaxe"
			}
		},
		{
			"weight": 2,
			"stack": {
				"item": "minecraft:diamond_shovel"
			}
		}
	],
	"offhands": [{
		"weight": 1,
		"stack": {
			"item": "minecraft:shield"
		}
	}],
	"boots": [{
		"weight": 1,
		"stack": {
			"item": "minecraft:diamond_boots"
		}
	}],
	"leggings": [{
		"weight": 1,
		"stack": {
			"item": "minecraft:diamond_leggings"
		}
	}],
	"chestplates": [{
		"weight": 1,
		"stack": {
			"item": "minecraft:diamond_chestplate"
		}
	}],
	"helmets": [{
		"weight": 1,
		"stack": {
			"item": "minecraft:diamond_helmet"
		}
	}],
	"tags": [
		"the_nether"
	]
}