{
	"weight": 120,
	"mainhands": [{
			"weight": 3,
			"stack": {
				"item": "minecraft:golden_sword"
			}
		},
		{
			"weight": 3,
			"stack": {
				"item": "minecraft:golden_axe"
			}
		},
		{
			"weight": 2,
			"stack": {
				"item": "minecraft:golden_pickaxe"
			}
		},
		{
			"weight": 2,
			"stack": {
				"item": "minecraft:golden_shovel"
			}
		}
	],
	"offhands": [{
		"weight": 1,
		"stack": {
			"item": "minecraft:shield"
		}
	}],
	"boots": [{
		"weight": 1,
		"stack": {
			"item": "minecraft:golden_boots"
		}
	}],
	"leggings": [{
		"weight": 1,
		"stack": {
			"item": "minecraft:golden_leggings"
		}
	}],
	"chestplates": [{
		"weight": 1,
		"stack": {
			"item": "minecraft:golden_chestplate"
		}
	}],
	"helmets": [{
		"weight": 1,
		"stack": {
			"item": "minecraft:golden_helmet"
		}
	}],
	"tags": [
		"the_nether"
	]
}