{
	"entity": "minecraft:piglin_brute",
	"weight": 50,
	"quality": 4,
	"size": {
		"width": 1,
		"height": 2
	},
	"valid_gear_sets": [
		"#the_nether"
	],
	"dimensions": [
		"beyond_earth:mercury"
	],
	"min_rarity": "epic",
	"max_rarity": "epic",
	"stats": {
		"epic": {
			"enchant_chance": 0.75,
			"enchantment_levels": [26, 22, 40, 30],
			"effects": [{
				"effect": "minecraft:fire_resistance",
				"chance": 1.0
			}],
			"attribute_modifiers": [{
					"attribute": "minecraft:generic.max_health",
					"operation": "ADDITION",
					"value": {
						"min": 120,
						"steps": 75,
						"step": 2
					}
				},
				{
					"attribute": "minecraft:generic.movement_speed",
					"operation": "MULTIPLY_BASE",
					"value": {
						"min": 0.12,
						"steps": 25,
						"step": 0.01
					}
				},
				{
					"attribute": "minecraft:generic.attack_damage",
					"operation": "MULTIPLY_BASE",
					"value": {
						"min": 0.32,
						"steps": 35,
						"step": 0.01
					}
				},
				{
					"attribute": "minecraft:generic.knockback_resistance",
					"operation": "ADDITION",
					"value": 0.55
				},
				{
					"attribute": "minecraft:generic.armor",
					"operation": "ADDITION",
					"value": 8
				},
				{
					"attribute": "minecraft:generic.armor_toughness",
					"operation": "ADDITION",
					"value": 4.5
				}
			]
		}
	}
}