{
    "parent": "block/block",
    "elements": [
      {
        "from": [
          0,
          0,
          0
        ],
        "to": [
          16,
          16,
          16
        ],
        "faces": {
          "down": {
            "uv": [
              0,
              0,
              16,
              16
            ],
            "texture": "#all",
            "cullface": "down"
          },
          "up": {
            "uv": [
              0,
              0,
              16,
              16
            ],
            "texture": "#all",
            "cullface": "up"
          },
          "north": {
            "uv": [
              0,
              0,
              16,
              16
            ],
            "texture": "#all",
            "cullface": "north"
          },
          "south": {
            "uv": [
              0,
              0,
              16,
              16
            ],
            "texture": "#all",
            "cullface": "south"
          },
          "west": {
            "uv": [
              0,
              0,
              16,
              16
            ],
            "texture": "#all",
            "cullface": "west"
          },
          "east": {
            "uv": [
              0,
              0,
              16,
              16
            ],
            "texture": "#all",
            "cullface": "east"
          }
        }
      },
      {
        "from": [
          0,
          0,
          0
        ],
        "to": [
          16,
          16,
          16
        ],
        "faces": {
          "down": {
            "uv": [
              0,
              0,
              16,
              16
            ],
            "texture": "#overlay",
            "cullface": "down",
            "tintindex": 1
          },
          "up": {
            "uv": [
              0,
              0,
              16,
              16
            ],
            "texture": "#overlay",
            "cullface": "up",
            "tintindex": 1
          },
          "north": {
            "uv": [
              0,
              0,
              16,
              16
            ],
            "texture": "#overlay",
            "cullface": "north",
            "tintindex": 1
          },
          "south": {
            "uv": [
              0,
              0,
              16,
              16
            ],
            "texture": "#overlay",
            "cullface": "south",
            "tintindex": 1
          },
          "west": {
            "uv": [
              0,
              0,
              16,
              16
            ],
            "texture": "#overlay",
            "cullface": "west",
            "tintindex": 1
          },
          "east": {
            "uv": [
              0,
              0,
              16,
              16
            ],
            "texture": "#overlay",
            "cullface": "east",
            "tintindex": 1
          }
        }
      }
    ]
  }