{
  "type": "minecraft:crafting_shaped",
  "key": {
    "a": {
      "item": "ae2:quartz_vibrant_glass"
    },
    "b": {
      "item": "ae2:sky_dust"
    },
    "c": {
      "item": "megacells:cell_component_4m"
    },
    "d": {
      "tag": "forge:ingots/osmium"
    }
  },
  "pattern": [
    "aba",
    "bcb",
    "ddd"
  ],
  "result": {
    "item": "megacells:chemical_storage_cell_4m"
  },
  "conditions": [
    {
      "type": "forge:mod_loaded",
      "modid": "appmek"
    }
  ]
}