{
	"weight": 40,
	"mainhands": [{
			"weight": 3,
			"stack": {
				"item": "minecraft:bow"
			}
		}
	],
	"offhands": [{
		"weight": 1,
		"stack": {
			"item": "minecraft:shield"
		}
	}],
	"boots": [{
		"weight": 1,
		"stack": {
			"item": "minecraft:netherite_boots"
		}
	}],
	"leggings": [{
		"weight": 1,
		"stack": {
			"item": "minecraft:netherite_leggings"
		}
	}],
	"chestplates": [{
		"weight": 1,
		"stack": {
			"item": "minecraft:netherite_chestplate"
		}
	}],
	"helmets": [{
		"weight": 1,
		"stack": {
			"item": "minecraft:netherite_helmet"
		}
	}],
	"tags": [
		"the_end_bow"
	]
}