{
  "type": "minecraft:crafting_shaped",
  "key": {
    "a": {
      "item": "mekanismgenerators:reactor_glass"
    },
    "b": {
      "item": "ae2:sky_dust"
    },
    "c": {
      "item": "megacells:radioactive_cell_component"
    },
    "d": {
      "item": "mekanism:hdpe_sheet"
    },
    "e": {
      "item": "mekanism:pellet_polonium"
    }
  },
  "pattern": ["aba", "bcb", "ded"],
  "result": {
    "item": "megacells:radioactive_chemical_cell"
  },
  "conditions": [
    {
      "type": "forge:mod_loaded",
      "modid": "appmek"
    }
  ]
}
