{
  "processors": [
    {
      "rules": [
        {
          "output_state": {
            "Name": "minecraft:cobweb"
          },
          "input_predicate": {
            "block": "minecraft:wall_torch",
            "probability": 0.92,
            "predicate_type": "minecraft:random_block_match"
          },
          "location_predicate": {
            "predicate_type": "minecraft:always_true"
          }
        }
      ],
      "processor_type": "minecraft:rule"
    },
    {
      "rules": [
        {
          "output_state": {
            "Name": "minecraft:structure_void"
          },
          "input_predicate": {
            "block": "minecraft:cobweb",
            "probability": 0.925,
            "predicate_type": "minecraft:random_block_match"
          },
          "location_predicate": {
            "predicate_type": "minecraft:always_true"
          }
        }
      ],
      "processor_type": "minecraft:rule"
    },
    {
      "rules": [
        {
          "output_state": {
            "Name": "minecraft:cave_air"
          },
          "input_predicate": {
            "block": "minecraft:structure_void",
            "probability": 0.65,
            "predicate_type": "minecraft:random_block_match"
          },
          "location_predicate": {
            "predicate_type": "minecraft:always_true"
          }
        }
      ],
      "processor_type": "minecraft:rule"
    },
    {
      "rules": [
        {
          "output_state": {
            "Name": "minecraft:cobweb"
          },
          "input_predicate": {
            "block": "minecraft:cave_air",
            "probability": 0.8,
            "predicate_type": "minecraft:random_block_match"
          },
          "location_predicate": {
            "predicate_type": "minecraft:always_true"
          }
        },
        {
          "output_state": {
            "Name": "tfc:cut_sandstone/yellow"
          },
          "position_predicate": {
            "min_chance": 1,
            "max_chance": 0,
            "min_dist": 0,
            "max_dist": 1,
            "axis": "y",
            "predicate_type": "repurposed_structures:piece_origin_axis_aligned_linear_pos_rule_test"
          },
          "input_predicate": {
            "block": "tfc:smooth_sandstone/yellow",
            "predicate_type": "minecraft:block_match"
          },
          "location_predicate": {
            "phase_to_test_for": "AIR",
            "invert_condition": false,
            "predicate_type": "repurposed_structures:matter_phase_rule_test"
          }
        }
      ],
      "processor_type": "minecraft:rule"
    },
    {
      "rules": [
        {
          "output_state": {
            "Name": "minecraft:structure_void"
          },
          "position_predicate": {
            "min_chance": 0,
            "max_chance": 1,
            "min_dist": 0,
            "max_dist": 1,
            "axis": "y",
            "predicate_type": "repurposed_structures:piece_origin_axis_aligned_linear_pos_rule_test"
          },
          "input_predicate": {
            "predicate_type": "minecraft:always_true"
          },
          "location_predicate": {
            "phase_to_test_for": "AIR_RAIL_OR_CHAIN",
            "invert_condition": false,
            "predicate_type": "repurposed_structures:matter_phase_rule_test"
          }
        },
        {
          "output_state": {
            "Name": "minecraft:structure_void"
          },
          "input_predicate": {
            "block": "tfc:smooth_sandstone/yellow",
            "probability": 0.8,
            "predicate_type": "minecraft:random_block_match"
          },
          "location_predicate": {
            "predicate_type": "minecraft:always_true"
          }
        },
        {
          "output_state": {
            "Name": "minecraft:structure_void"
          },
          "input_predicate": {
            "block": "minecraft:cave_air",
            "predicate_type": "minecraft:block_match"
          },
          "location_predicate": {
            "block": "minecraft:chain",
            "predicate_type": "minecraft:block_match"
          }
        },
        {
          "output_state": {
            "Name": "minecraft:structure_void"
          },
          "input_predicate": {
            "block": "minecraft:cobweb",
            "predicate_type": "minecraft:block_match"
          },
          "location_predicate": {
            "block": "minecraft:chain",
            "predicate_type": "minecraft:block_match"
          }
        }
      ],
      "processor_type": "minecraft:rule"
    },
    {
      "processor_type": "repurposed_structures:mineshaft_sky_view_processor"
    },
    {
      "processor_type": "repurposed_structures:spawner_randomizing_processor",
      "rs_spawner_resourcelocation": "repurposed_structures:mineshafts/desert",
      "valid_block_light_level": {
        "min_inclusive": 0,
        "max_inclusive": 7
      }
    },
    {
      "processor_type": "repurposed_structures:close_off_fluid_sources_processor",
      "weighted_list_of_replacement_blocks": [
        {
          "block" : "tfc:raw_sandstone/yellow",
          "weight": 1
        }
      ]
    },
    {
      "processor_type": "repurposed_structures:structure_void_processor"
    },
    {
      "processor_type": "repurposed_structures:waterlogging_fix_processor"
    }
  ]
}