{
	"weight": 70,
	"mainhands": [{
			"weight": 3,
			"stack": {
				"item": "tfc:metal/sword/bismuth_bronze"
			}
		},
		{
			"weight": 3,
			"stack": {
				"item": "tfc:metal/axe/bismuth_bronze"
			}
		},
		{
			"weight": 2,
			"stack": {
				"item": "tfc:metal/pickaxe/bismuth_bronze"
			}
		},
		{
			"weight": 2,
			"stack": {
				"item": "tfc:metal/shovel/bismuth_bronze"
			}
		}
	],
	"offhands": [{
		"weight": 1,
		"stack": {
			"item": "tfc:metal/shield/bismuth_bronze"
		}
	}],
	"boots": [{
		"weight": 1,
		"stack": {
			"item": "tfc:metal/boots/bismuth_bronze"
		}
	}],
	"leggings": [{
		"weight": 1,
		"stack": {
			"item": "tfc:metal/greaves/bismuth_bronze"
		}
	}],
	"chestplates": [{
		"weight": 1,
		"stack": {
			"item": "tfc:metal/chestplate/bismuth_bronze"
		}
	}],
	"helmets": [{
		"weight": 1,
		"stack": {
			"item": "tfc:metal/helmet/bismuth_bronze"
		}
	}],
	"tags": [
		"the_nether"
	]
}