{
	"weight": 100,
	"mainhands": [{
		"weight": 3,
		"stack": {
			"item": "tfc:metal/sword/copper"
		}
	},
		{
			"weight": 3,
			"stack": {
				"item": "tfc:metal/axe/copper"
			}
		},
		{
			"weight": 2,
			"stack": {
				"item": "tfc:metal/pickaxe/copper"
			}
		},
		{
			"weight": 2,
			"stack": {
				"item": "tfc:metal/shovel/copper"
			}
		}
	],
	"offhands": [],
	"boots": [{
		"weight": 1,
		"stack": {
			"item": "minecraft:leather_boots"
		}
	}],
	"leggings": [{
		"weight": 1,
		"stack": {
			"item": "minecraft:leather_leggings"
		}
	}],
	"chestplates": [{
		"weight": 1,
		"stack": {
			"item": "minecraft:leather_chestplate"
		}
	}],
	"helmets": [{
		"weight": 1,
		"stack": {
			"item": "minecraft:leather_helmet"
		}
	}],
	"tags": [
		"overworld"
	]
}