{
	"credit": "Made with Blockbench",
	"texture_size": [64, 64],
	"textures": {
		"1": "create_new_age:block/heater/vent_center",
		"particle": "create_new_age:block/heater/vent_base",
		"all": "create_new_age:block/heater/vent_base"
	},
	"elements": [
		{
			"from": [2, 12.75, 2.25],
			"to": [14, 13.75, 14.25],
			"rotation": {"angle": 0, "axis": "x", "origin": [8, 8, 8.25]},
			"faces": {
				"north": {"uv": [7.25, 1.75, 5.75, 1.5], "rotation": 180, "texture": "#all"},
				"east": {"uv": [6.5, 3.125, 6.75, 4.625], "rotation": 90, "texture": "#all"},
				"south": {"uv": [8, 6.125, 6.5, 6.375], "texture": "#all"},
				"west": {"uv": [6.5, 4.625, 6.75, 6.125], "rotation": 270, "texture": "#all"},
				"up": {"uv": [4, 1.75, 5.5, 3.25], "texture": "#all"},
				"down": {"uv": [1.75, 4, 3.25, 5.5], "rotation": 180, "texture": "#all"}
			}
		},
		{
			"from": [3, 13.75, 3.25],
			"to": [13, 14.75, 13.25],
			"rotation": {"angle": 0, "axis": "x", "origin": [8, 8, 8.25]},
			"faces": {
				"north": {"uv": [8, 0.375, 6.75, 0.25], "rotation": 180, "texture": "#all"},
				"east": {"uv": [1.75, 6.75, 1.875, 8], "rotation": 90, "texture": "#all"},
				"south": {"uv": [8, 0.375, 6.75, 0.5], "texture": "#all"},
				"west": {"uv": [1.875, 6.75, 2, 8], "rotation": 270, "texture": "#all"},
				"up": {"uv": [1.75, 5.5, 3, 6.75], "texture": "#all"},
				"down": {"uv": [4.75, 4.75, 6, 6], "rotation": 180, "texture": "#all"}
			}
		},
		{
			"from": [6, 14.75, 11.25],
			"to": [10, 15.75, 12.25],
			"rotation": {"angle": 0, "axis": "x", "origin": [8, 8, 8.25]},
			"faces": {
				"north": {"uv": [4.75, 3.5, 4.5, 3.25], "rotation": 180, "texture": "#all"},
				"east": {"uv": [6.75, 3.5, 7, 3.625], "rotation": 90, "texture": "#all"},
				"south": {"uv": [4.75, 3.5, 4.5, 3.75], "texture": "#all"},
				"west": {"uv": [6.75, 3.75, 7, 3.875], "rotation": 270, "texture": "#all"},
				"up": {"uv": [6.75, 3.625, 7, 3.75], "texture": "#all"},
				"down": {"uv": [6.75, 3.375, 7, 3.5], "rotation": 180, "texture": "#all"}
			}
		},
		{
			"from": [6, 14.75, 4.25],
			"to": [10, 15.75, 5.25],
			"rotation": {"angle": 0, "axis": "x", "origin": [8, 8, 8.25]},
			"faces": {
				"north": {"uv": [4.25, 4, 4, 3.75], "rotation": 180, "texture": "#all"},
				"east": {"uv": [5.75, 3.125, 6, 3.25], "rotation": 90, "texture": "#all"},
				"south": {"uv": [4.5, 3.25, 4.25, 3.5], "texture": "#all"},
				"west": {"uv": [2.375, 6.75, 2.625, 6.875], "rotation": 270, "texture": "#all"},
				"up": {"uv": [6, 3.125, 6.25, 3.25], "texture": "#all"},
				"down": {"uv": [5.5, 3.125, 5.75, 3.25], "rotation": 180, "texture": "#all"}
			}
		},
		{
			"from": [11, 14.75, 6.25],
			"to": [12, 15.75, 10.25],
			"rotation": {"angle": 0, "axis": "x", "origin": [8, 8, 8.25]},
			"faces": {
				"north": {"uv": [3, 7, 2.875, 6.75], "rotation": 180, "texture": "#all"},
				"east": {"uv": [4.25, 3.5, 4.5, 3.75], "rotation": 90, "texture": "#all"},
				"south": {"uv": [6.875, 3.125, 6.75, 3.375], "texture": "#all"},
				"west": {"uv": [4.25, 3.75, 4.5, 4], "rotation": 270, "texture": "#all"},
				"up": {"uv": [2.75, 6.75, 2.875, 7], "texture": "#all"},
				"down": {"uv": [2.625, 6.75, 2.75, 7], "rotation": 180, "texture": "#all"}
			}
		},
		{
			"from": [4, 14.75, 6.25],
			"to": [5, 15.75, 10.25],
			"rotation": {"angle": 0, "axis": "x", "origin": [8, 8, 8.25]},
			"faces": {
				"north": {"uv": [6.875, 1, 6.75, 0.75], "rotation": 180, "texture": "#all"},
				"east": {"uv": [4, 3.25, 4.25, 3.5], "rotation": 90, "texture": "#all"},
				"south": {"uv": [2.375, 6.75, 2.25, 7], "texture": "#all"},
				"west": {"uv": [4, 3.5, 4.25, 3.75], "rotation": 270, "texture": "#all"},
				"up": {"uv": [4.625, 3.75, 4.75, 4], "texture": "#all"},
				"down": {"uv": [4.5, 3.75, 4.625, 4], "rotation": 180, "texture": "#all"}
			}
		},
		{
			"from": [4, -0.25, 4.25],
			"to": [12, 0.75, 12.25],
			"rotation": {"angle": 0, "axis": "x", "origin": [8, 8, 8.25]},
			"faces": {
				"north": {"uv": [7.75, 0.625, 6.75, 0.5], "rotation": 180, "texture": "#all"},
				"east": {"uv": [2, 6.75, 2.125, 7.75], "rotation": 90, "texture": "#all"},
				"south": {"uv": [7.75, 0.625, 6.75, 0.75], "texture": "#all"},
				"west": {"uv": [2.125, 6.75, 2.25, 7.75], "rotation": 270, "texture": "#all"},
				"up": {"uv": [4.75, 6, 5.75, 7], "texture": "#all"},
				"down": {"uv": [5.75, 0, 6.75, 1], "rotation": 180, "texture": "#all"}
			}
		},
		{
			"from": [0, 10.75, 0.25],
			"to": [16, 12.75, 16.25],
			"rotation": {"angle": 0, "axis": "x", "origin": [8, 8, 8.25]},
			"faces": {
				"north": {"uv": [7.5, 2.875, 5.5, 2.625], "rotation": 180, "texture": "#all"},
				"east": {"uv": [6, 4.75, 6.25, 6.75], "rotation": 90, "texture": "#all"},
				"south": {"uv": [7.5, 2.875, 5.5, 3.125], "texture": "#all"},
				"west": {"uv": [5.75, 6, 6, 8], "rotation": 270, "texture": "#all"},
				"up": {"uv": [0, 2, 2, 4], "texture": "#all"},
				"down": {"uv": [0, 0, 2, 2], "rotation": 180, "texture": "#all"}
			}
		},
		{
			"from": [0, 0.75, 0.25],
			"to": [16, 2.75, 16.25],
			"rotation": {"angle": 0, "axis": "x", "origin": [8, 8, 8.25]},
			"faces": {
				"north": {"uv": [7.75, 1.25, 5.75, 1], "rotation": 180, "texture": "#all"},
				"east": {"uv": [6.25, 3.125, 6.5, 5.125], "rotation": 90, "texture": "#all"},
				"south": {"uv": [7.75, 1.25, 5.75, 1.5], "texture": "#all"},
				"west": {"uv": [6.25, 5.125, 6.5, 7.125], "rotation": 270, "texture": "#all"},
				"up": {"uv": [0, 2, 2, 4], "texture": "#all"},
				"down": {"uv": [2, 2, 4, 4], "rotation": 180, "texture": "#all"}
			}
		},
		{
			"from": [1, 2.5, 1.5],
			"to": [15, 3.5, 15.5],
			"rotation": {"angle": 0, "axis": "x", "origin": [8, 8, 8.25]},
			"faces": {
				"north": {"uv": [8.5, 6, 12, 6.25], "texture": "#1"},
				"east": {"uv": [8.5, 6.25, 12, 6.5], "texture": "#1"},
				"south": {"uv": [8.5, 6.5, 12, 6.75], "texture": "#1"},
				"west": {"uv": [8.5, 6.75, 12, 7], "texture": "#1"},
				"up": {"uv": [3.5, 3.5, 0, 0], "texture": "#1"},
				"down": {"uv": [3.5, 3.5, 0, 7], "texture": "#1"}
			}
		},
		{
			"from": [1, 10, 1.5],
			"to": [15, 11, 15.5],
			"rotation": {"angle": 0, "axis": "x", "origin": [8, 8, 8.25]},
			"faces": {
				"north": {"uv": [8.5, 7, 12, 7.25], "texture": "#1"},
				"east": {"uv": [8.5, 7.25, 12, 7.5], "texture": "#1"},
				"south": {"uv": [8.5, 7.5, 12, 7.75], "texture": "#1"},
				"west": {"uv": [8.5, 7.75, 12, 8], "texture": "#1"},
				"up": {"uv": [7, 3.5, 3.5, 0], "texture": "#1"},
				"down": {"uv": [7, 3.5, 3.5, 7], "texture": "#1"}
			}
		},
		{
			"from": [1, 3.5, 13.5],
			"to": [3, 10, 15.5],
			"rotation": {"angle": 0, "axis": "x", "origin": [8, 8, 8.25]},
			"faces": {
				"north": {"uv": [7.5, 6, 8, 7.75], "texture": "#1"},
				"east": {"uv": [7.5, 7.75, 8, 9.5], "texture": "#1"},
				"south": {"uv": [8, 6, 8.5, 7.75], "texture": "#1"},
				"west": {"uv": [8, 7.75, 8.5, 9.5], "texture": "#1"},
				"up": {"uv": [7.5, 6.5, 7, 6], "texture": "#1"},
				"down": {"uv": [7.5, 6.5, 7, 7], "texture": "#1"}
			}
		},
		{
			"from": [1, 3.5, 1.5],
			"to": [3, 10, 3.5],
			"rotation": {"angle": 0, "axis": "x", "origin": [8, 8, 8.25]},
			"faces": {
				"north": {"uv": [8.5, 8, 9, 9.75], "texture": "#1"},
				"east": {"uv": [2.5, 8.75, 3, 10.5], "texture": "#1"},
				"south": {"uv": [3, 8.75, 3.5, 10.5], "texture": "#1"},
				"west": {"uv": [3.5, 8.75, 4, 10.5], "texture": "#1"},
				"up": {"uv": [10, 5.75, 9.5, 5.25], "texture": "#1"},
				"down": {"uv": [10.5, 5.25, 10, 5.75], "texture": "#1"}
			}
		},
		{
			"from": [13, 3.5, 1.5],
			"to": [15, 10, 3.5],
			"rotation": {"angle": 0, "axis": "x", "origin": [8, 8, 8.25]},
			"faces": {
				"north": {"uv": [4, 8.75, 4.5, 10.5], "texture": "#1"},
				"east": {"uv": [4.5, 8.75, 5, 10.5], "texture": "#1"},
				"south": {"uv": [5, 8.75, 5.5, 10.5], "texture": "#1"},
				"west": {"uv": [5.5, 8.75, 6, 10.5], "texture": "#1"},
				"up": {"uv": [11, 5.75, 10.5, 5.25], "texture": "#1"},
				"down": {"uv": [11.5, 5.25, 11, 5.75], "texture": "#1"}
			}
		},
		{
			"from": [13, 3.5, 13.5],
			"to": [15, 10, 15.5],
			"rotation": {"angle": 0, "axis": "x", "origin": [8, 8, 8.25]},
			"faces": {
				"north": {"uv": [6, 8.75, 6.5, 10.5], "texture": "#1"},
				"east": {"uv": [6.5, 8.75, 7, 10.5], "texture": "#1"},
				"south": {"uv": [7, 8.75, 7.5, 10.5], "texture": "#1"},
				"west": {"uv": [9, 8, 9.5, 9.75], "texture": "#1"},
				"up": {"uv": [12, 5.75, 11.5, 5.25], "texture": "#1"},
				"down": {"uv": [13.25, 0, 12.75, 0.5], "texture": "#1"}
			}
		},
		{
			"from": [3, 3.5, 3.5],
			"to": [13, 10, 13.5],
			"rotation": {"angle": 0, "axis": "x", "origin": [8, 8, 8.25]},
			"faces": {
				"north": {"uv": [2.5, 7, 5, 8.75], "texture": "#1"},
				"east": {"uv": [7, 2.5, 9.5, 4.25], "texture": "#1"},
				"south": {"uv": [7, 4.25, 9.5, 6], "texture": "#1"},
				"west": {"uv": [5, 7, 7.5, 8.75], "texture": "#1"},
				"up": {"uv": [2.5, 9.5, 0, 7], "texture": "#1"},
				"down": {"uv": [9.5, 0, 7, 2.5], "texture": "#1"}
			}
		},
		{
			"from": [3, 3.5, 13.5],
			"to": [3.5, 10, 14.5],
			"rotation": {"angle": 0, "axis": "x", "origin": [8, 8, 8.25]},
			"faces": {
				"north": {"uv": [0, 9.5, 0.25, 11.25], "texture": "#1"},
				"east": {"uv": [9.5, 0, 9.75, 1.75], "texture": "#1"},
				"south": {"uv": [0.25, 9.5, 0.5, 11.25], "texture": "#1"},
				"west": {"uv": [0.5, 9.5, 0.75, 11.25], "texture": "#1"},
				"up": {"uv": [9.75, 6, 9.5, 5.75], "texture": "#1"},
				"down": {"uv": [10, 5.75, 9.75, 6], "texture": "#1"}
			}
		},
		{
			"from": [4, 3.5, 13.5],
			"to": [4.5, 10, 14.5],
			"rotation": {"angle": 0, "axis": "x", "origin": [8, 8, 8.25]},
			"faces": {
				"north": {"uv": [0.75, 9.5, 1, 11.25], "texture": "#1"},
				"east": {"uv": [1, 9.5, 1.25, 11.25], "texture": "#1"},
				"south": {"uv": [1.25, 9.5, 1.5, 11.25], "texture": "#1"},
				"west": {"uv": [1.5, 9.5, 1.75, 11.25], "texture": "#1"},
				"up": {"uv": [10.25, 6, 10, 5.75], "texture": "#1"},
				"down": {"uv": [10.5, 5.75, 10.25, 6], "texture": "#1"}
			}
		},
		{
			"from": [5, 3.5, 13.5],
			"to": [5.5, 10, 14.5],
			"rotation": {"angle": 0, "axis": "x", "origin": [8, 8, 8.25]},
			"faces": {
				"north": {"uv": [1.75, 9.5, 2, 11.25], "texture": "#1"},
				"east": {"uv": [9.5, 1.75, 9.75, 3.5], "texture": "#1"},
				"south": {"uv": [2, 9.5, 2.25, 11.25], "texture": "#1"},
				"west": {"uv": [2.25, 9.5, 2.5, 11.25], "texture": "#1"},
				"up": {"uv": [10.75, 6, 10.5, 5.75], "texture": "#1"},
				"down": {"uv": [11, 5.75, 10.75, 6], "texture": "#1"}
			}
		},
		{
			"from": [6, 3.5, 13.5],
			"to": [6.5, 10, 14.5],
			"rotation": {"angle": 0, "axis": "x", "origin": [8, 8, 8.25]},
			"faces": {
				"north": {"uv": [9.5, 3.5, 9.75, 5.25], "texture": "#1"},
				"east": {"uv": [7.5, 9.5, 7.75, 11.25], "texture": "#1"},
				"south": {"uv": [7.75, 9.5, 8, 11.25], "texture": "#1"},
				"west": {"uv": [8, 9.5, 8.25, 11.25], "texture": "#1"},
				"up": {"uv": [11.25, 6, 11, 5.75], "texture": "#1"},
				"down": {"uv": [11.5, 5.75, 11.25, 6], "texture": "#1"}
			}
		},
		{
			"from": [7, 3.5, 13.5],
			"to": [7.5, 10, 14.5],
			"rotation": {"angle": 0, "axis": "x", "origin": [8, 8, 8.25]},
			"faces": {
				"north": {"uv": [9.5, 8, 9.75, 9.75], "texture": "#1"},
				"east": {"uv": [8.25, 9.5, 8.5, 11.25], "texture": "#1"},
				"south": {"uv": [9.75, 0, 10, 1.75], "texture": "#1"},
				"west": {"uv": [9.75, 1.75, 10, 3.5], "texture": "#1"},
				"up": {"uv": [11.75, 6, 11.5, 5.75], "texture": "#1"},
				"down": {"uv": [12, 5.75, 11.75, 6], "texture": "#1"}
			}
		},
		{
			"from": [8, 3.5, 13.5],
			"to": [8.5, 10, 14.5],
			"rotation": {"angle": 0, "axis": "x", "origin": [8, 8, 8.25]},
			"faces": {
				"north": {"uv": [9.75, 3.5, 10, 5.25], "texture": "#1"},
				"east": {"uv": [9.75, 8, 10, 9.75], "texture": "#1"},
				"south": {"uv": [8.5, 9.75, 8.75, 11.5], "texture": "#1"},
				"west": {"uv": [8.75, 9.75, 9, 11.5], "texture": "#1"},
				"up": {"uv": [13, 0.75, 12.75, 0.5], "texture": "#1"},
				"down": {"uv": [13, 0.75, 12.75, 1], "texture": "#1"}
			}
		},
		{
			"from": [9, 3.5, 13.5],
			"to": [9.5, 10, 14.5],
			"rotation": {"angle": 0, "axis": "x", "origin": [8, 8, 8.25]},
			"faces": {
				"north": {"uv": [9, 9.75, 9.25, 11.5], "texture": "#1"},
				"east": {"uv": [9.25, 9.75, 9.5, 11.5], "texture": "#1"},
				"south": {"uv": [9.5, 9.75, 9.75, 11.5], "texture": "#1"},
				"west": {"uv": [9.75, 9.75, 10, 11.5], "texture": "#1"},
				"up": {"uv": [13, 1.25, 12.75, 1], "texture": "#1"},
				"down": {"uv": [13, 1.25, 12.75, 1.5], "texture": "#1"}
			}
		},
		{
			"from": [10, 3.5, 13.5],
			"to": [10.5, 10, 14.5],
			"rotation": {"angle": 0, "axis": "x", "origin": [8, 8, 8.25]},
			"faces": {
				"north": {"uv": [10, 0, 10.25, 1.75], "texture": "#1"},
				"east": {"uv": [10, 1.75, 10.25, 3.5], "texture": "#1"},
				"south": {"uv": [10, 3.5, 10.25, 5.25], "texture": "#1"},
				"west": {"uv": [10, 8, 10.25, 9.75], "texture": "#1"},
				"up": {"uv": [13, 1.75, 12.75, 1.5], "texture": "#1"},
				"down": {"uv": [13, 1.75, 12.75, 2], "texture": "#1"}
			}
		},
		{
			"from": [11, 3.5, 13.5],
			"to": [11.5, 10, 14.5],
			"rotation": {"angle": 0, "axis": "x", "origin": [8, 8, 8.25]},
			"faces": {
				"north": {"uv": [10, 9.75, 10.25, 11.5], "texture": "#1"},
				"east": {"uv": [10.25, 0, 10.5, 1.75], "texture": "#1"},
				"south": {"uv": [10.25, 1.75, 10.5, 3.5], "texture": "#1"},
				"west": {"uv": [10.25, 3.5, 10.5, 5.25], "texture": "#1"},
				"up": {"uv": [13, 2.25, 12.75, 2], "texture": "#1"},
				"down": {"uv": [13, 2.25, 12.75, 2.5], "texture": "#1"}
			}
		},
		{
			"from": [12, 3.5, 13.5],
			"to": [12.5, 10, 14.5],
			"rotation": {"angle": 0, "axis": "x", "origin": [8, 8, 8.25]},
			"faces": {
				"north": {"uv": [10.25, 8, 10.5, 9.75], "texture": "#1"},
				"east": {"uv": [10.25, 9.75, 10.5, 11.5], "texture": "#1"},
				"south": {"uv": [10.5, 0, 10.75, 1.75], "texture": "#1"},
				"west": {"uv": [10.5, 1.75, 10.75, 3.5], "texture": "#1"},
				"up": {"uv": [13, 2.75, 12.75, 2.5], "texture": "#1"},
				"down": {"uv": [13, 2.75, 12.75, 3], "texture": "#1"}
			}
		},
		{
			"from": [3.5, 3.5, 2.5],
			"to": [4, 10, 3.5],
			"rotation": {"angle": 0, "axis": "x", "origin": [8, 8, 8.25]},
			"faces": {
				"north": {"uv": [2.5, 10.5, 2.75, 12.25], "texture": "#1"},
				"east": {"uv": [2.75, 10.5, 3, 12.25], "texture": "#1"},
				"south": {"uv": [3, 10.5, 3.25, 12.25], "texture": "#1"},
				"west": {"uv": [3.25, 10.5, 3.5, 12.25], "texture": "#1"},
				"up": {"uv": [13, 3.25, 12.75, 3], "texture": "#1"},
				"down": {"uv": [13, 3.25, 12.75, 3.5], "texture": "#1"}
			}
		},
		{
			"from": [4.5, 3.5, 2.5],
			"to": [5, 10, 3.5],
			"rotation": {"angle": 0, "axis": "x", "origin": [8, 8, 8.25]},
			"faces": {
				"north": {"uv": [3.5, 10.5, 3.75, 12.25], "texture": "#1"},
				"east": {"uv": [10.5, 3.5, 10.75, 5.25], "texture": "#1"},
				"south": {"uv": [3.75, 10.5, 4, 12.25], "texture": "#1"},
				"west": {"uv": [4, 10.5, 4.25, 12.25], "texture": "#1"},
				"up": {"uv": [13, 3.75, 12.75, 3.5], "texture": "#1"},
				"down": {"uv": [13, 3.75, 12.75, 4], "texture": "#1"}
			}
		},
		{
			"from": [5.5, 3.5, 2.5],
			"to": [6, 10, 3.5],
			"rotation": {"angle": 0, "axis": "x", "origin": [8, 8, 8.25]},
			"faces": {
				"north": {"uv": [4.25, 10.5, 4.5, 12.25], "texture": "#1"},
				"east": {"uv": [4.5, 10.5, 4.75, 12.25], "texture": "#1"},
				"south": {"uv": [4.75, 10.5, 5, 12.25], "texture": "#1"},
				"west": {"uv": [5, 10.5, 5.25, 12.25], "texture": "#1"},
				"up": {"uv": [13, 4.25, 12.75, 4], "texture": "#1"},
				"down": {"uv": [13, 4.25, 12.75, 4.5], "texture": "#1"}
			}
		},
		{
			"from": [6.5, 3.5, 2.5],
			"to": [7, 10, 3.5],
			"rotation": {"angle": 0, "axis": "x", "origin": [8, 8, 8.25]},
			"faces": {
				"north": {"uv": [5.25, 10.5, 5.5, 12.25], "texture": "#1"},
				"east": {"uv": [5.5, 10.5, 5.75, 12.25], "texture": "#1"},
				"south": {"uv": [5.75, 10.5, 6, 12.25], "texture": "#1"},
				"west": {"uv": [6, 10.5, 6.25, 12.25], "texture": "#1"},
				"up": {"uv": [13, 4.75, 12.75, 4.5], "texture": "#1"},
				"down": {"uv": [13, 4.75, 12.75, 5], "texture": "#1"}
			}
		},
		{
			"from": [7.5, 3.5, 2.5],
			"to": [8, 10, 3.5],
			"rotation": {"angle": 0, "axis": "x", "origin": [8, 8, 8.25]},
			"faces": {
				"north": {"uv": [6.25, 10.5, 6.5, 12.25], "texture": "#1"},
				"east": {"uv": [6.5, 10.5, 6.75, 12.25], "texture": "#1"},
				"south": {"uv": [6.75, 10.5, 7, 12.25], "texture": "#1"},
				"west": {"uv": [7, 10.5, 7.25, 12.25], "texture": "#1"},
				"up": {"uv": [13, 5.25, 12.75, 5], "texture": "#1"},
				"down": {"uv": [13, 5.25, 12.75, 5.5], "texture": "#1"}
			}
		},
		{
			"from": [8.5, 3.5, 2.5],
			"to": [9, 10, 3.5],
			"rotation": {"angle": 0, "axis": "x", "origin": [8, 8, 8.25]},
			"faces": {
				"north": {"uv": [7.25, 10.5, 7.5, 12.25], "texture": "#1"},
				"east": {"uv": [10.5, 8, 10.75, 9.75], "texture": "#1"},
				"south": {"uv": [10.5, 9.75, 10.75, 11.5], "texture": "#1"},
				"west": {"uv": [10.75, 0, 11, 1.75], "texture": "#1"},
				"up": {"uv": [13, 5.75, 12.75, 5.5], "texture": "#1"},
				"down": {"uv": [13, 5.75, 12.75, 6], "texture": "#1"}
			}
		},
		{
			"from": [9.5, 3.5, 2.5],
			"to": [10, 10, 3.5],
			"rotation": {"angle": 0, "axis": "x", "origin": [8, 8, 8.25]},
			"faces": {
				"north": {"uv": [10.75, 1.75, 11, 3.5], "texture": "#1"},
				"east": {"uv": [10.75, 3.5, 11, 5.25], "texture": "#1"},
				"south": {"uv": [10.75, 8, 11, 9.75], "texture": "#1"},
				"west": {"uv": [10.75, 9.75, 11, 11.5], "texture": "#1"},
				"up": {"uv": [13, 6.25, 12.75, 6], "texture": "#1"},
				"down": {"uv": [13, 6.25, 12.75, 6.5], "texture": "#1"}
			}
		},
		{
			"from": [10.5, 3.5, 2.5],
			"to": [11, 10, 3.5],
			"rotation": {"angle": 0, "axis": "x", "origin": [8, 8, 8.25]},
			"faces": {
				"north": {"uv": [11, 0, 11.25, 1.75], "texture": "#1"},
				"east": {"uv": [11, 1.75, 11.25, 3.5], "texture": "#1"},
				"south": {"uv": [11, 3.5, 11.25, 5.25], "texture": "#1"},
				"west": {"uv": [11, 8, 11.25, 9.75], "texture": "#1"},
				"up": {"uv": [13, 6.75, 12.75, 6.5], "texture": "#1"},
				"down": {"uv": [13, 6.75, 12.75, 7], "texture": "#1"}
			}
		},
		{
			"from": [11.5, 3.5, 2.5],
			"to": [12, 10, 3.5],
			"rotation": {"angle": 0, "axis": "x", "origin": [8, 8, 8.25]},
			"faces": {
				"north": {"uv": [11, 9.75, 11.25, 11.5], "texture": "#1"},
				"east": {"uv": [0, 11.25, 0.25, 13], "texture": "#1"},
				"south": {"uv": [11.25, 0, 11.5, 1.75], "texture": "#1"},
				"west": {"uv": [0.25, 11.25, 0.5, 13], "texture": "#1"},
				"up": {"uv": [13, 7.25, 12.75, 7], "texture": "#1"},
				"down": {"uv": [13, 7.25, 12.75, 7.5], "texture": "#1"}
			}
		},
		{
			"from": [12.5, 3.5, 2.5],
			"to": [13, 10, 3.5],
			"rotation": {"angle": 0, "axis": "x", "origin": [8, 8, 8.25]},
			"faces": {
				"north": {"uv": [0.5, 11.25, 0.75, 13], "texture": "#1"},
				"east": {"uv": [0.75, 11.25, 1, 13], "texture": "#1"},
				"south": {"uv": [1, 11.25, 1.25, 13], "texture": "#1"},
				"west": {"uv": [1.25, 11.25, 1.5, 13], "texture": "#1"},
				"up": {"uv": [13, 7.75, 12.75, 7.5], "texture": "#1"},
				"down": {"uv": [13, 7.75, 12.75, 8], "texture": "#1"}
			}
		},
		{
			"from": [13, 3.5, 13],
			"to": [14, 10, 13.5],
			"rotation": {"angle": 0, "axis": "x", "origin": [8, 8, 8.25]},
			"faces": {
				"north": {"uv": [1.5, 11.25, 1.75, 13], "texture": "#1"},
				"east": {"uv": [1.75, 11.25, 2, 13], "texture": "#1"},
				"south": {"uv": [11.25, 1.75, 11.5, 3.5], "texture": "#1"},
				"west": {"uv": [2, 11.25, 2.25, 13], "texture": "#1"},
				"up": {"uv": [13, 8.25, 12.75, 8], "texture": "#1"},
				"down": {"uv": [13, 8.25, 12.75, 8.5], "texture": "#1"}
			}
		},
		{
			"from": [13, 3.5, 12],
			"to": [14, 10, 12.5],
			"rotation": {"angle": 0, "axis": "x", "origin": [8, 8, 8.25]},
			"faces": {
				"north": {"uv": [2.25, 11.25, 2.5, 13], "texture": "#1"},
				"east": {"uv": [11.25, 3.5, 11.5, 5.25], "texture": "#1"},
				"south": {"uv": [7.5, 11.25, 7.75, 13], "texture": "#1"},
				"west": {"uv": [7.75, 11.25, 8, 13], "texture": "#1"},
				"up": {"uv": [13, 8.75, 12.75, 8.5], "texture": "#1"},
				"down": {"uv": [13, 8.75, 12.75, 9], "texture": "#1"}
			}
		},
		{
			"from": [13, 3.5, 11],
			"to": [14, 10, 11.5],
			"rotation": {"angle": 0, "axis": "x", "origin": [8, 8, 8.25]},
			"faces": {
				"north": {"uv": [8, 11.25, 8.25, 13], "texture": "#1"},
				"east": {"uv": [11.25, 8, 11.5, 9.75], "texture": "#1"},
				"south": {"uv": [8.25, 11.25, 8.5, 13], "texture": "#1"},
				"west": {"uv": [11.25, 9.75, 11.5, 11.5], "texture": "#1"},
				"up": {"uv": [13, 9.25, 12.75, 9], "texture": "#1"},
				"down": {"uv": [13, 9.25, 12.75, 9.5], "texture": "#1"}
			}
		},
		{
			"from": [13, 3.5, 10],
			"to": [14, 10, 10.5],
			"rotation": {"angle": 0, "axis": "x", "origin": [8, 8, 8.25]},
			"faces": {
				"north": {"uv": [11.5, 0, 11.75, 1.75], "texture": "#1"},
				"east": {"uv": [11.5, 1.75, 11.75, 3.5], "texture": "#1"},
				"south": {"uv": [11.5, 3.5, 11.75, 5.25], "texture": "#1"},
				"west": {"uv": [11.5, 8, 11.75, 9.75], "texture": "#1"},
				"up": {"uv": [13, 9.75, 12.75, 9.5], "texture": "#1"},
				"down": {"uv": [13, 9.75, 12.75, 10], "texture": "#1"}
			}
		},
		{
			"from": [13, 3.5, 9],
			"to": [14, 10, 9.5],
			"rotation": {"angle": 0, "axis": "x", "origin": [8, 8, 8.25]},
			"faces": {
				"north": {"uv": [8.5, 11.5, 8.75, 13.25], "texture": "#1"},
				"east": {"uv": [8.75, 11.5, 9, 13.25], "texture": "#1"},
				"south": {"uv": [9, 11.5, 9.25, 13.25], "texture": "#1"},
				"west": {"uv": [9.25, 11.5, 9.5, 13.25], "texture": "#1"},
				"up": {"uv": [13, 10.25, 12.75, 10], "texture": "#1"},
				"down": {"uv": [13, 10.25, 12.75, 10.5], "texture": "#1"}
			}
		},
		{
			"from": [13, 3.5, 8],
			"to": [14, 10, 8.5],
			"rotation": {"angle": 0, "axis": "x", "origin": [8, 8, 8.25]},
			"faces": {
				"north": {"uv": [9.5, 11.5, 9.75, 13.25], "texture": "#1"},
				"east": {"uv": [9.75, 11.5, 10, 13.25], "texture": "#1"},
				"south": {"uv": [11.5, 9.75, 11.75, 11.5], "texture": "#1"},
				"west": {"uv": [10, 11.5, 10.25, 13.25], "texture": "#1"},
				"up": {"uv": [13, 10.75, 12.75, 10.5], "texture": "#1"},
				"down": {"uv": [13, 10.75, 12.75, 11], "texture": "#1"}
			}
		},
		{
			"from": [13, 3.5, 7],
			"to": [14, 10, 7.5],
			"rotation": {"angle": 0, "axis": "x", "origin": [8, 8, 8.25]},
			"faces": {
				"north": {"uv": [10.25, 11.5, 10.5, 13.25], "texture": "#1"},
				"east": {"uv": [10.5, 11.5, 10.75, 13.25], "texture": "#1"},
				"south": {"uv": [10.75, 11.5, 11, 13.25], "texture": "#1"},
				"west": {"uv": [11, 11.5, 11.25, 13.25], "texture": "#1"},
				"up": {"uv": [13, 11.25, 12.75, 11], "texture": "#1"},
				"down": {"uv": [13, 11.25, 12.75, 11.5], "texture": "#1"}
			}
		},
		{
			"from": [13, 3.5, 6],
			"to": [14, 10, 6.5],
			"rotation": {"angle": 0, "axis": "x", "origin": [8, 8, 8.25]},
			"faces": {
				"north": {"uv": [11.25, 11.5, 11.5, 13.25], "texture": "#1"},
				"east": {"uv": [11.5, 11.5, 11.75, 13.25], "texture": "#1"},
				"south": {"uv": [11.75, 0, 12, 1.75], "texture": "#1"},
				"west": {"uv": [11.75, 1.75, 12, 3.5], "texture": "#1"},
				"up": {"uv": [13, 11.75, 12.75, 11.5], "texture": "#1"},
				"down": {"uv": [13, 11.75, 12.75, 12], "texture": "#1"}
			}
		},
		{
			"from": [13, 3.5, 5],
			"to": [14, 10, 5.5],
			"rotation": {"angle": 0, "axis": "x", "origin": [8, 8, 8.25]},
			"faces": {
				"north": {"uv": [11.75, 3.5, 12, 5.25], "texture": "#1"},
				"east": {"uv": [11.75, 8, 12, 9.75], "texture": "#1"},
				"south": {"uv": [11.75, 9.75, 12, 11.5], "texture": "#1"},
				"west": {"uv": [11.75, 11.5, 12, 13.25], "texture": "#1"},
				"up": {"uv": [13, 12.25, 12.75, 12], "texture": "#1"},
				"down": {"uv": [13, 12.25, 12.75, 12.5], "texture": "#1"}
			}
		},
		{
			"from": [13, 3.5, 4],
			"to": [14, 10, 4.5],
			"rotation": {"angle": 0, "axis": "x", "origin": [8, 8, 8.25]},
			"faces": {
				"north": {"uv": [12, 0, 12.25, 1.75], "texture": "#1"},
				"east": {"uv": [12, 1.75, 12.25, 3.5], "texture": "#1"},
				"south": {"uv": [12, 3.5, 12.25, 5.25], "texture": "#1"},
				"west": {"uv": [12, 5.25, 12.25, 7], "texture": "#1"},
				"up": {"uv": [13, 12.75, 12.75, 12.5], "texture": "#1"},
				"down": {"uv": [13, 12.75, 12.75, 13], "texture": "#1"}
			}
		},
		{
			"from": [2, 3.5, 12.5],
			"to": [3, 10, 13],
			"rotation": {"angle": 0, "axis": "x", "origin": [8, 8, 8.25]},
			"faces": {
				"north": {"uv": [12, 7, 12.25, 8.75], "texture": "#1"},
				"east": {"uv": [12, 8.75, 12.25, 10.5], "texture": "#1"},
				"south": {"uv": [12, 10.5, 12.25, 12.25], "texture": "#1"},
				"west": {"uv": [12.25, 0, 12.5, 1.75], "texture": "#1"},
				"up": {"uv": [0.25, 13.25, 0, 13], "texture": "#1"},
				"down": {"uv": [0.5, 13, 0.25, 13.25], "texture": "#1"}
			}
		},
		{
			"from": [2, 3.5, 11.5],
			"to": [3, 10, 12],
			"rotation": {"angle": 0, "axis": "x", "origin": [8, 8, 8.25]},
			"faces": {
				"north": {"uv": [12.25, 1.75, 12.5, 3.5], "texture": "#1"},
				"east": {"uv": [2.5, 12.25, 2.75, 14], "texture": "#1"},
				"south": {"uv": [2.75, 12.25, 3, 14], "texture": "#1"},
				"west": {"uv": [3, 12.25, 3.25, 14], "texture": "#1"},
				"up": {"uv": [0.75, 13.25, 0.5, 13], "texture": "#1"},
				"down": {"uv": [13.25, 0.5, 13, 0.75], "texture": "#1"}
			}
		},
		{
			"from": [2, 3.5, 10.5],
			"to": [3, 10, 11],
			"rotation": {"angle": 0, "axis": "x", "origin": [8, 8, 8.25]},
			"faces": {
				"north": {"uv": [3.25, 12.25, 3.5, 14], "texture": "#1"},
				"east": {"uv": [3.5, 12.25, 3.75, 14], "texture": "#1"},
				"south": {"uv": [12.25, 3.5, 12.5, 5.25], "texture": "#1"},
				"west": {"uv": [3.75, 12.25, 4, 14], "texture": "#1"},
				"up": {"uv": [1, 13.25, 0.75, 13], "texture": "#1"},
				"down": {"uv": [13.25, 0.75, 13, 1], "texture": "#1"}
			}
		},
		{
			"from": [2, 3.5, 9.5],
			"to": [3, 10, 10],
			"rotation": {"angle": 0, "axis": "x", "origin": [8, 8, 8.25]},
			"faces": {
				"north": {"uv": [4, 12.25, 4.25, 14], "texture": "#1"},
				"east": {"uv": [4.25, 12.25, 4.5, 14], "texture": "#1"},
				"south": {"uv": [4.5, 12.25, 4.75, 14], "texture": "#1"},
				"west": {"uv": [4.75, 12.25, 5, 14], "texture": "#1"},
				"up": {"uv": [1.25, 13.25, 1, 13], "texture": "#1"},
				"down": {"uv": [13.25, 1, 13, 1.25], "texture": "#1"}
			}
		},
		{
			"from": [2, 3.5, 8.5],
			"to": [3, 10, 9],
			"rotation": {"angle": 0, "axis": "x", "origin": [8, 8, 8.25]},
			"faces": {
				"north": {"uv": [5, 12.25, 5.25, 14], "texture": "#1"},
				"east": {"uv": [5.25, 12.25, 5.5, 14], "texture": "#1"},
				"south": {"uv": [12.25, 5.25, 12.5, 7], "texture": "#1"},
				"west": {"uv": [5.5, 12.25, 5.75, 14], "texture": "#1"},
				"up": {"uv": [1.5, 13.25, 1.25, 13], "texture": "#1"},
				"down": {"uv": [13.25, 1.25, 13, 1.5], "texture": "#1"}
			}
		},
		{
			"from": [2, 3.5, 7.5],
			"to": [3, 10, 8],
			"rotation": {"angle": 0, "axis": "x", "origin": [8, 8, 8.25]},
			"faces": {
				"north": {"uv": [5.75, 12.25, 6, 14], "texture": "#1"},
				"east": {"uv": [6, 12.25, 6.25, 14], "texture": "#1"},
				"south": {"uv": [6.25, 12.25, 6.5, 14], "texture": "#1"},
				"west": {"uv": [6.5, 12.25, 6.75, 14], "texture": "#1"},
				"up": {"uv": [1.75, 13.25, 1.5, 13], "texture": "#1"},
				"down": {"uv": [13.25, 1.5, 13, 1.75], "texture": "#1"}
			}
		},
		{
			"from": [2, 3.5, 6.5],
			"to": [3, 10, 7],
			"rotation": {"angle": 0, "axis": "x", "origin": [8, 8, 8.25]},
			"faces": {
				"north": {"uv": [6.75, 12.25, 7, 14], "texture": "#1"},
				"east": {"uv": [7, 12.25, 7.25, 14], "texture": "#1"},
				"south": {"uv": [12.25, 7, 12.5, 8.75], "texture": "#1"},
				"west": {"uv": [7.25, 12.25, 7.5, 14], "texture": "#1"},
				"up": {"uv": [2, 13.25, 1.75, 13], "texture": "#1"},
				"down": {"uv": [13.25, 1.75, 13, 2], "texture": "#1"}
			}
		},
		{
			"from": [2, 3.5, 5.5],
			"to": [3, 10, 6],
			"rotation": {"angle": 0, "axis": "x", "origin": [8, 8, 8.25]},
			"faces": {
				"north": {"uv": [12.25, 8.75, 12.5, 10.5], "texture": "#1"},
				"east": {"uv": [12.25, 10.5, 12.5, 12.25], "texture": "#1"},
				"south": {"uv": [12, 12.25, 12.25, 14], "texture": "#1"},
				"west": {"uv": [12.25, 12.25, 12.5, 14], "texture": "#1"},
				"up": {"uv": [2.25, 13.25, 2, 13], "texture": "#1"},
				"down": {"uv": [13.25, 2, 13, 2.25], "texture": "#1"}
			}
		},
		{
			"from": [2, 3.5, 4.5],
			"to": [3, 10, 5],
			"rotation": {"angle": 0, "axis": "x", "origin": [8, 8, 8.25]},
			"faces": {
				"north": {"uv": [12.5, 0, 12.75, 1.75], "texture": "#1"},
				"east": {"uv": [12.5, 1.75, 12.75, 3.5], "texture": "#1"},
				"south": {"uv": [12.5, 3.5, 12.75, 5.25], "texture": "#1"},
				"west": {"uv": [12.5, 5.25, 12.75, 7], "texture": "#1"},
				"up": {"uv": [2.5, 13.25, 2.25, 13], "texture": "#1"},
				"down": {"uv": [13.25, 2.25, 13, 2.5], "texture": "#1"}
			}
		},
		{
			"from": [2, 3.5, 3.5],
			"to": [3, 10, 4],
			"rotation": {"angle": 0, "axis": "x", "origin": [8, 8, 8.25]},
			"faces": {
				"north": {"uv": [12.5, 7, 12.75, 8.75], "texture": "#1"},
				"east": {"uv": [12.5, 8.75, 12.75, 10.5], "texture": "#1"},
				"south": {"uv": [12.5, 10.5, 12.75, 12.25], "texture": "#1"},
				"west": {"uv": [12.5, 12.25, 12.75, 14], "texture": "#1"},
				"up": {"uv": [13.25, 2.75, 13, 2.5], "texture": "#1"},
				"down": {"uv": [13.25, 2.75, 13, 3], "texture": "#1"}
			}
		}
	],
	"display": {
		"thirdperson_righthand": {
			"rotation": [75, 45, 0],
			"translation": [0, 2.5, 0],
			"scale": [0.375, 0.375, 0.375]
		},
		"thirdperson_lefthand": {
			"rotation": [75, 45, 0],
			"translation": [0, 2.5, 0],
			"scale": [0.375, 0.375, 0.375]
		},
		"firstperson_righthand": {
			"rotation": [0, 45, 0],
			"scale": [0.4, 0.4, 0.4]
		},
		"firstperson_lefthand": {
			"rotation": [0, 225, 0],
			"scale": [0.4, 0.4, 0.4]
		},
		"ground": {
			"translation": [0, 3, 0],
			"scale": [0.25, 0.25, 0.25]
		},
		"gui": {
			"rotation": [30, 225, 0],
			"scale": [0.625, 0.625, 0.625]
		},
		"fixed": {
			"scale": [0.5, 0.5, 0.5]
		}
	},
	"groups": [
		0,
		1,
		2,
		3,
		4,
		5,
		6,
		7,
		8,
		{
			"name": "vent",
			"origin": [8, 8, 8],
			"color": 0,
			"children": [9, 10, 11, 12, 13, 14, 15]
		},
		{
			"name": "sink",
			"origin": [8, 8, 8],
			"color": 0,
			"children": [16, 17, 18, 19, 20, 21, 22, 23, 24, 25, 26, 27, 28, 29, 30, 31, 32, 33, 34, 35, 36, 37, 38, 39, 40, 41, 42, 43, 44, 45, 46, 47, 48, 49, 50, 51, 52, 53, 54, 55]
		}
	]
}